TITRE,DATE,NOM,GEOLOC,VILLE,id
"mollis dui, in sodales elit",12/06/1895,Thane Pena,"85.02431, 106.25155",Pointe-Claire,1
hymenaeos. Mauris ut quam vel,09/12/1854,Rebekah Monroe,"-43.06547, 29.63273",Mariakerke,2
"lectus sit amet luctus vulputate,",07/10/1873,Brianna Spencer,"5.15726, -99.49086",Bognor Regis,3
Sed eu eros. Nam consequat,03/07/1857,Ferdinand Chandler,"71.17157, -110.88443",Woking,4
"vel, faucibus id, libero. Donec",17/02/1893,Jerome Beard,"-42.95631, 50.23458",Limache,5
ac urna. Ut tincidunt vehicula,05/07/1876,Dale Richmond,"82.32054, -32.6362",Erie,6
Curabitur sed tortor. Integer aliquam,27/01/1903,Zeus Austin,"74.5053, -143.47539",North Battleford,7
"parturient montes, nascetur ridiculus mus.",04/10/1904,Shana Poole,"27.59694, -165.77102",Wabamun,8
in consectetuer ipsum nunc id,12/03/1867,Donovan Coleman,"-76.0308, -77.96147",Lidköping,9
"cursus. Nunc mauris elit, dictum",30/08/1853,Maya Clark,"-16.58584, 42.28523",Castro,10
"litora torquent per conubia nostra,",30/08/1905,Margaret Acevedo,"82.54973, -63.48606",Béziers,11
senectus et netus et malesuada,20/06/1855,Lisandra Lynch,"74.32529, 149.88233",Wolfville,12
"quis, pede. Praesent eu dui.",20/06/1860,Imogene Randolph,"-86.47705, 9.68931",Westkerke,13
"diam. Duis mi enim, condimentum",13/02/1871,Amir Bernard,"82.48416, 169.12213",Nimy,14
enim. Nunc ut erat. Sed,01/07/1873,Azalia Velez,"26.53088, -92.38677",Nanton,15
risus quis diam luctus lobortis.,08/01/1885,Burke Collins,"-34.21942, 23.6387",Unnao,16
sit amet diam eu dolor,25/03/1872,Austin Cummings,"14.6603, 177.37041",Sainte-Ode,17
Proin vel arcu eu odio,28/02/1885,Harrison Davenport,"-70.05677, 88.05912",Sambreville,18
quam dignissim pharetra. Nam ac,14/03/1872,Rebekah Dillard,"44.80643, -45.9888",Abolens,19
molestie orci tincidunt adipiscing. Mauris,01/12/1863,Nichole Hendricks,"-87.58758, -107.98156",Bad Hersfeld,20
eros nec tellus. Nunc lectus,27/07/1870,Raja Stanton,"-43.47538, 92.54825",Balsas,21
"elit, pretium et, rutrum non,",21/01/1857,Keely Walters,"26.46808, 21.08646",D�gelis,22
"eget, venenatis a, magna. Lorem",04/08/1903,Noah Gibson,"-32.97465, -162.70868",Zeveneken,23
interdum ligula eu enim. Etiam,12/01/1900,Zia Walters,"59.72404, -29.7559",Malartic,24
in consequat enim diam vel,25/02/1860,Arthur Avila,"-20.17577, -152.47472",Andacollo,25
"ut lacus. Nulla tincidunt, neque",14/02/1858,Bethany Hernandez,"-60.41191, -104.18841",Thon,26
"Nulla tincidunt, neque vitae semper",18/02/1894,Bernard Morris,"83.80382, 41.91899",Polino,27
"eu lacus. Quisque imperdiet, erat",13/10/1856,Burton Case,"-13.87261, 109.5539",Casperia,28
"ac, eleifend vitae, erat. Vivamus",23/09/1866,Amaya Crosby,"78.75916, 15.84566",Goderich,29
mauris erat eget ipsum. Suspendisse,01/01/1908,Jocelyn Camacho,"-5.96297, -36.50427",Belford Roxo,30
sociis natoque penatibus et magnis,16/07/1886,Petra Madden,"-73.35254, 39.76216",Alcalá de Henares,31
fermentum convallis ligula. Donec luctus,05/02/1902,Quamar Norman,"57.01831, -110.5707",Cuttack,32
consectetuer euismod est arcu ac,28/09/1860,Walker Hansen,"33.87529, -29.05007",Portsoy,33
"id, libero. Donec consectetuer mauris",30/01/1875,Judah Berry,"34.58803, -131.90287",Gatineau,34
"euismod ac, fermentum vel, mauris.",08/06/1886,Mohammad Nixon,"65.77554, 106.91666",Bayswater,35
risus. Donec egestas. Duis ac,01/12/1905,Amery Mclaughlin,"-71.88054, 175.29215",Evesham,36
"magnis dis parturient montes, nascetur",12/09/1890,Steven Lucas,"74.84984, 23.94625",Recco,37
"varius orci, in consequat enim",02/07/1909,Cally Faulkner,"-29.8763, 139.35921",Priero,38
ipsum ac mi eleifend egestas.,13/06/1871,Vielka Pratt,"-43.07483, 158.64716",Verona,39
"pellentesque a, facilisis non, bibendum",05/12/1872,Holmes Dixon,"49.37906, 31.15283",Hawera,40
amet orci. Ut sagittis lobortis,06/11/1876,Eve Beasley,"1.47077, -60.57454",Calbuco,41
cursus. Integer mollis. Integer tincidunt,09/10/1895,Ezekiel Burgess,"56.3136, 29.28809",Davoli,42
felis ullamcorper viverra. Maecenas iaculis,23/11/1897,Taylor Wallace,"-33.9868, -171.81236",Develi,43
"ac, fermentum vel, mauris. Integer",14/07/1856,Courtney Jacobs,"69.24557, -58.91799",Quintero,44
"elit elit fermentum risus, at",27/01/1894,Roth Cash,"-38.99747, 10.99587",Pastena,45
orci luctus et ultrices posuere,23/09/1870,Byron House,"-55.01223, -155.595",Cornwall,46
enim consequat purus. Maecenas libero,04/01/1875,Keiko Odom,"51.11469, -63.85105",Bolzano/Bozen,47
sagittis. Nullam vitae diam. Proin,30/07/1854,Jessamine Russo,"77.55374, -67.03563",Somma Lombardo,48
Cras vulputate velit eu sem.,03/05/1894,Cadman Decker,"-11.64838, -140.88901",Giustino,49
"vitae, orci. Phasellus dapibus quam",07/09/1875,Melissa Merrill,"61.27723, -32.67199",Malgesso,50
fames ac turpis egestas. Fusce,12/07/1874,Alexa Jones,"62.69319, -171.71353",Bertiolo,51
"Donec tempor, est ac mattis",27/08/1873,Harding Oneil,"32.24188, 155.89293",Cranbrook,52
"sem elit, pharetra ut, pharetra",19/04/1908,Maxwell Foster,"62.33414, -115.31972",Curaco de Vélez,53
lobortis. Class aptent taciti sociosqu,13/09/1865,Violet Mullen,"42.77503, 174.12087",Chandrapur,54
"dui quis accumsan convallis, ante",01/05/1894,Graiden Edwards,"-68.11308, -26.11878",Davenport,55
ligula. Aenean gravida nunc sed,05/06/1890,Kaden Medina,"-31.82867, -70.08022",Fresia,56
"non, egestas a, dui. Cras",15/02/1866,Rae Deleon,"-26.01705, -99.22401",Rocky View,57
Nullam scelerisque neque sed sem,17/12/1885,Keaton Byrd,"-79.90426, -131.82932",Cumberland County,58
nonummy ipsum non arcu. Vivamus,27/03/1886,Tarik Doyle,"12.20083, 118.38458",Casnate con Bernate,59
ac tellus. Suspendisse sed dolor.,01/07/1905,Jasmine Small,"-88.4681, 74.08293",Miami,60
"tincidunt, nunc ac mattis ornare,",04/03/1879,Coby Irwin,"1.03744, 114.15164",Remscheid,61
metus eu erat semper rutrum.,01/12/1863,Leonard Booth,"-85.25278, 174.65427",Hamburg,62
"amet, risus. Donec nibh enim,",07/11/1860,Tanya Jackson,"-57.25556, 58.42529",Beypazarı,63
"purus sapien, gravida non, sollicitudin",27/12/1880,Quyn Green,"63.22228, 46.10569",Wandsworth,64
magna. Lorem ipsum dolor sit,26/09/1893,Bo Larson,"-80.30688, -114.64962",Indianapolis,65
turpis. Aliquam adipiscing lobortis risus.,26/08/1891,Hoyt Bean,"20.23326, 136.65124",Blevio,66
"tempus non, lacinia at, iaculis",03/06/1853,Norman Justice,"37.15632, -17.07799",Oostakker,67
pede blandit congue. In scelerisque,20/11/1891,Regina Noble,"-57.00237, -43.16777",Saint Louis,68
neque pellentesque massa lobortis ultrices.,17/09/1897,Kasimir Bennett,"34.45189, 175.80108",Königs Wusterhausen,69
eros. Proin ultrices. Duis volutpat,31/05/1894,Patricia Berger,"-59.68976, -100.98061",Innsbruck,70
sed orci lobortis augue scelerisque,28/11/1851,Virginia Reid,"-32.29714, -50.51396",Aix-en-Provence,71
"ac mattis semper, dui lectus",18/01/1885,Barclay Bean,"-5.18545, 55.66765",Dunfermline,72
"aliquam iaculis, lacus pede sagittis",25/11/1901,Randall Deleon,"-84.29505, 86.19698",Port Harcourt,73
arcu. Vestibulum ante ipsum primis,05/11/1869,Lionel Green,"-31.08647, -21.49072",Hualqui,74
Pellentesque habitant morbi tristique senectus,26/07/1888,Callum Sutton,"-61.54511, 119.87552",Burns Lake,75
"a, enim. Suspendisse aliquet, sem",26/03/1907,Nora Reed,"-21.14482, -162.40235",Waalwijk,76
egestas. Duis ac arcu. Nunc,14/06/1865,Lesley Pope,"57.07906, 111.3305",Laakirchen,77
"nonummy ut, molestie in, tempus",06/11/1901,Len Mendoza,"82.31356, 36.13392",Umbertide,78
dignissim magna a tortor. Nunc,24/07/1861,Madeline Schwartz,"49.48218, -9.55149",Cochrane,79
ridiculus mus. Proin vel nisl.,19/05/1878,Aiko Casey,"82.04369, 43.28084",Onoz,80
"eu lacus. Quisque imperdiet, erat",24/09/1880,Quinn Rowe,"-31.32249, -95.15168",Torino,81
cursus purus. Nullam scelerisque neque,18/01/1867,Ina Cherry,"-55.90695, -122.60454",Silius,82
natoque penatibus et magnis dis,11/10/1873,Adele Silva,"46.27557, -63.1567",Chandrapur,83
"non, vestibulum nec, euismod in,",06/04/1859,Connor Mcmillan,"-83.16108, -136.08309",Casalvieri,84
adipiscing ligula. Aenean gravida nunc,13/04/1858,Cyrus Horn,"30.48549, 15.0202",HŽron,85
"eleifend non, dapibus rutrum, justo.",26/07/1855,Tate Richmond,"-51.05715, 157.22717",Little Rock,86
"luctus sit amet, faucibus ut,",10/11/1864,Davis Oneil,"-59.23924, -71.79256",Skegness,87
dictum. Proin eget odio. Aliquam,26/06/1867,Athena Clay,"-87.04946, -94.72034",Sabadell,88
ante. Vivamus non lorem vitae,05/02/1860,Eleanor Mcfadden,"48.03833, 86.94706",Osasco,89
"dictum cursus. Nunc mauris elit,",01/04/1852,Kendall Sawyer,"-15.24716, -46.09889",Guardia Perticara,90
dolor. Nulla semper tellus id,22/01/1862,Aurelia Hoover,"26.04329, 22.37147",Wondelgem,91
"Sed nunc est, mollis non,",09/06/1905,Bert Powell,"-68.05071, -123.01651",Herenthout,92
"sagittis felis. Donec tempor, est",29/03/1864,Rina Noble,"4.60132, 167.51082",Markkleeberg,93
"lectus sit amet luctus vulputate,",09/09/1864,Karleigh Tyson,"66.5497, -99.26009",Francavilla in Sinni,94
faucibus. Morbi vehicula. Pellentesque tincidunt,04/05/1881,Chava Bates,"-72.31409, 74.12899",Tregaron,95
"ac mattis semper, dui lectus",23/10/1879,Ann Rosales,"55.74238, 174.44862",Macchia Valfortore,96
eu erat semper rutrum. Fusce,17/04/1878,Teagan Grimes,"83.3111, 161.55802",Toledo,97
"semper et, lacinia vitae, sodales",16/11/1860,Talon Mathews,"-48.65679, -5.60578",Toledo,98
"eleifend egestas. Sed pharetra, felis",01/05/1856,Rhonda Wise,"63.66934, 104.07007",Malderen,99
interdum ligula eu enim. Etiam,12/11/1898,Felix Jimenez,"80.29217, 141.68956",Baton Rouge,100
